Iteration,Metric,Min,Avg,Std,Max
0,Susceptible,0.95,0.9659999999999997,0.005291502622129186,0.97
0,Infected,0.02,0.022400000000000003,0.004715930449020638,0.04
0,Recovered_Immune,0.01,0.01,0.0,0.01
0,Death,0.0,0.0,0.0,0.0
0,Exposed,0.0,0.0015999999999999999,0.0036660605559646724,0.01
0,Asymptomatic,0.99,0.9994,0.0023748684174075855,1.0
0,Hospitalization,0.0,0.0006,0.0023748684174075834,0.01
0,Severe,0.0,0.0,0.0,0.0
0,Q1,423.96618615941543,474.7091357891196,26.124918052649225,573.2649905287644
0,Q2,848.9563001088864,942.8061378786401,51.01964527556854,1116.602200163704
0,Q3,1373.7764827221113,1511.2864993284861,66.60651273219392,1700.0596129173055
0,Q4,2065.423514344412,2350.815680695759,171.73464749343873,2859.4863171465263
0,Q5,5800.723644014435,6454.084621834856,369.40809430194435,7436.618045400012
1,Susceptible,0.94,0.9611999999999999,0.008863407922464143,0.97
1,Infected,0.02,0.0254,0.007269112738154499,0.05
1,Recovered_Immune,0.01,0.01,0.0,0.01
1,Death,0.0,0.0002,0.0014000000000000002,0.01
1,Exposed,0.0,0.0032,0.0050754310161798075,0.02
1,Asymptomatic,0.99,0.9990000000000001,0.0030000000000000027,1.0
1,Hospitalization,0.0,0.0006,0.0023748684174075834,0.01
1,Severe,0.0,0.0002,0.0014000000000000002,0.01
1,Q1,470.0135455573234,545.9485368306359,42.97416556559796,661.4456504962708
1,Q2,945.5057045066687,1085.6668676897657,92.4118487206454,1287.2774510821137
1,Q3,1438.048922820922,1741.2369567160806,142.87509952714373,2167.936816188599
1,Q4,2197.858158367635,2702.145226857906,264.35767736712756,3507.2094767261187
1,Q5,6186.833192423606,7326.704449086846,598.9719710300064,8957.628877819276
2,Susceptible,0.91,0.9565999999999998,0.013944174410842678,0.97
2,Infected,0.02,0.0278,0.009651942809610924,0.06
2,Recovered_Immune,0.01,0.01,0.0,0.01
2,Death,0.0,0.0002,0.0014000000000000002,0.01
2,Exposed,0.0,0.0054,0.007269112738154499,0.02
2,Asymptomatic,0.99,0.9984000000000001,0.003666060555964675,1.0
2,Hospitalization,0.0,0.0012,0.003249615361854384,0.01
2,Severe,0.0,0.0002,0.0014000000000000002,0.01
2,Q1,503.1117325317923,620.1968166541897,63.977696831716045,770.1742938542089
2,Q2,989.8755679422793,1221.112813646252,124.60205369346592,1538.2432313772754
2,Q3,1477.996475246352,1967.1890332456162,211.09470819832944,2587.8225275890854
2,Q4,2445.9543135627064,3049.6887591532018,351.41936551136797,4021.116404508934
2,Q5,6561.4533960372355,8301.999104765795,881.0577537837474,10672.445082931115
3,Susceptible,0.89,0.95,0.018547236990991388,0.97
3,Infected,0.02,0.0304,0.01057544325312183,0.06
3,Recovered_Immune,0.01,0.01,0.0,0.01
3,Death,0.0,0.0002,0.0014000000000000002,0.01
3,Exposed,0.0,0.0094,0.011385956261992226,0.04
3,Asymptomatic,0.99,0.9980000000000001,0.0040000000000000036,1.0
3,Hospitalization,0.0,0.0016,0.0036660605559646715,0.01
3,Severe,0.0,0.0002,0.0014000000000000002,0.01
3,Q1,540.6729804869212,692.6266589409985,85.37514118161818,912.7973868574687
3,Q2,1083.6232289824354,1355.2898414250437,160.1638339519704,1725.8859091318445
3,Q3,1580.0979013471328,2198.951045595406,258.6751593326631,2860.0133332915107
3,Q4,2555.248080387068,3388.616361474187,445.47621885068276,4374.706549759884
3,Q5,7185.4276422238245,9227.439019723823,1063.6927651003584,12219.439474344594
4,Susceptible,0.88,0.9436,0.02242855323020188,0.97
4,Infected,0.02,0.033600000000000005,0.01323026832683298,0.07
4,Recovered_Immune,0.01,0.01,0.0,0.01
4,Death,0.0,0.0002,0.0014000000000000002,0.01
4,Exposed,0.0,0.0126,0.012619033243477885,0.05
4,Asymptomatic,0.99,0.9980000000000001,0.0040000000000000036,1.0
4,Hospitalization,0.0,0.0016,0.0036660605559646715,0.01
4,Severe,0.0,0.0002,0.0014000000000000002,0.01
4,Q1,569.5662246573343,762.8794753489897,105.95789716724254,1040.4932138677168
4,Q2,1096.970440422455,1504.9283756052766,197.30665417695832,1959.0234988653676
4,Q3,1604.5374364111863,2426.3134163307877,329.31910830513436,3333.1704183521906
4,Q4,2698.149308773534,3759.299815782436,527.7225165319901,4934.0680116405565
4,Q5,7398.967224606626,10185.661099611374,1261.0719507942126,13438.68082033643
5,Susceptible,0.86,0.9390000000000001,0.025632011235952573,0.97
5,Infected,0.02,0.0358,0.015111584959890872,0.08
5,Recovered_Immune,0.01,0.01,0.0,0.01
5,Death,0.0,0.0002,0.0014000000000000002,0.01
5,Exposed,0.0,0.015,0.014730919862656237,0.06
5,Asymptomatic,0.99,0.9974000000000001,0.0043863424398922655,1.0
5,Hospitalization,0.0,0.002,0.004,0.01
5,Severe,0.0,0.0004,0.0019595917942265427,0.01
5,Q1,598.1703338161325,835.4970682264843,125.83471319786351,1131.9059108828665
5,Q2,1135.5907643398575,1644.786811925876,233.76790414358283,2162.150060527464
5,Q3,1637.5219487994514,2649.6530178098387,389.20513957654094,3661.4682202459753
5,Q4,2763.5368772487245,4114.155366177271,657.4410501782351,5587.648832838281
5,Q5,8157.94759656196,11149.410748169317,1443.5425224891903,14805.744578590886
6,Susceptible,0.86,0.9339999999999999,0.02807133769523638,0.97
6,Infected,0.02,0.0388,0.016079800993793424,0.09
6,Recovered_Immune,0.01,0.01,0.0,0.01
6,Death,0.0,0.0002,0.0014000000000000002,0.01
6,Exposed,0.0,0.017,0.01640121946685673,0.07
6,Asymptomatic,0.99,0.9968,0.004664761515876244,1.0
6,Hospitalization,0.0,0.0024000000000000002,0.004270831300812524,0.01
6,Severe,0.0,0.0006,0.0023748684174075834,0.01
6,Q1,614.5893865162152,908.2149541503343,148.66369137647757,1288.9529334187046
6,Q2,1219.7709304535135,1778.916070655575,259.5365547260743,2336.6662099019677
6,Q3,1717.2316656879993,2856.0797593011735,434.86671655711285,4030.1069162035355
6,Q4,2844.626126869256,4445.387292407785,737.8145306836224,6127.0506780220985
6,Q5,8851.016270787391,12075.156624686988,1667.8477505014682,16398.063723702748
7,Susceptible,0.85,0.9268000000000001,0.02982884510000344,0.97
7,Infected,0.02,0.0426,0.01694815624190431,0.09
7,Recovered_Immune,0.01,0.01,0.0,0.01
7,Death,0.0,0.0002,0.0014000000000000002,0.01
7,Exposed,0.0,0.0204,0.01731588865753069,0.07
7,Asymptomatic,0.98,0.9960000000000001,0.005291502622129186,1.0
7,Hospitalization,0.0,0.0030000000000000005,0.0045825756949558405,0.01
7,Severe,0.0,0.0008,0.0027129319932501068,0.01
7,Q1,640.1383227891416,977.4806093736412,168.94027779801837,1394.7693840435552
7,Q2,1312.5642553524867,1917.888605677731,287.9847183452744,2613.113045891933
7,Q3,1789.0175297677947,3064.1159356899416,486.5151880883383,4310.258808714428
7,Q4,2967.0668153702445,4765.6900010532145,820.7451233220678,6772.625728211975
7,Q5,9429.896053018481,13025.244623069291,1859.0458797411382,17376.39920625168
8,Susceptible,0.84,0.9204000000000001,0.0330430022849014,0.97
8,Infected,0.02,0.04620000000000001,0.019482299658921173,0.1
8,Recovered_Immune,0.01,0.01,0.0,0.01
8,Death,0.0,0.0002,0.0014000000000000002,0.01
8,Exposed,0.0,0.023200000000000002,0.019332873557751318,0.08
8,Asymptomatic,0.98,0.9958,0.0053254107822777435,1.0
8,Hospitalization,0.0,0.0026,0.004386342439892262,0.01
8,Severe,0.0,0.0013999999999999998,0.0034698703145794943,0.01
8,Q1,683.6728706653946,1047.3013154485568,181.92041904556785,1506.587192969773
8,Q2,1329.0955986669642,2060.120654143458,333.57490098463745,2880.3347321326473
8,Q3,1919.2099200566854,3281.2635452687414,545.0961597125093,4702.645495719207
8,Q4,3123.9352167401844,5108.89072560677,924.3864917509425,7503.154598691746
8,Q5,10202.970498202305,13953.245272709739,2061.9350812251328,18638.835379275606
9,Susceptible,0.84,0.9143999999999997,0.03476550014022522,0.97
9,Infected,0.02,0.047599999999999996,0.02045091684986275,0.11
9,Recovered_Immune,0.01,0.01,0.0,0.01
9,Death,0.0,0.0004,0.0019595917942265427,0.01
9,Exposed,0.0,0.027600000000000003,0.02186869909253863,0.09
9,Asymptomatic,0.98,0.9956000000000002,0.005351635264103866,1.0
9,Hospitalization,0.0,0.0026,0.004386342439892262,0.01
9,Severe,0.0,0.0013999999999999998,0.0034698703145794943,0.01
9,Q1,696.1113586952099,1119.483464743845,201.33130523168643,1628.3537192613753
9,Q2,1243.9239092374705,2201.6117288473483,389.50500907384514,3159.910452274462
9,Q3,2058.916708204796,3502.4243640565155,582.6099588794242,4931.169848615318
9,Q4,3216.8975947992935,5450.846785647998,1021.6146128889277,7988.057692162457
9,Q5,10555.950376312845,14894.637015023707,2322.5648326197065,20358.346736456748
10,Susceptible,0.83,0.9073999999999998,0.03474535940237199,0.96
10,Infected,0.02,0.051000000000000004,0.022383029285599394,0.11
10,Recovered_Immune,0.01,0.01,0.0,0.01
10,Death,0.0,0.0004,0.0019595917942265427,0.01
10,Exposed,0.0,0.031200000000000006,0.02196724834839357,0.09
10,Asymptomatic,0.98,0.9948,0.005741080037762934,1.0
10,Hospitalization,0.0,0.0030000000000000005,0.005,0.02
10,Severe,0.0,0.0018,0.0038418745424597094,0.01
10,Q1,712.7195449724459,1192.6258976616268,227.5159598677887,1796.5132714027254
10,Q2,1306.0280871721443,2340.66885611787,426.8362475926922,3428.72825778648
10,Q3,2149.6304412628497,3720.2177659409767,638.4487530125646,5221.2437049618875
10,Q4,3577.949907799158,5798.009855663058,1083.9208570882347,8535.914119105679
10,Q5,11010.506202712482,15837.175082226247,2560.599133880871,22102.894521903007
11,Susceptible,0.81,0.9,0.03588871688985273,0.96
11,Infected,0.02,0.05399999999999999,0.02297825058615211,0.11
11,Recovered_Immune,0.01,0.01,0.0,0.01
11,Death,0.0,0.0006,0.002374868417407583,0.01
11,Exposed,0.0,0.0354,0.022109726366465958,0.1
11,Asymptomatic,0.98,0.9938000000000001,0.006600000000000006,1.0
11,Hospitalization,0.0,0.0036,0.005919459434779497,0.02
11,Severe,0.0,0.002,0.004,0.01
11,Q1,741.7729104717639,1268.1369873702802,254.97860552089847,1985.9999767138952
11,Q2,1231.3001765511267,2471.435819146477,475.46498674853024,3636.290065297312
11,Q3,2295.767448819329,3933.4166663977403,711.7366263618298,5596.670640817939
11,Q4,3723.4422103383768,6151.259890780178,1178.0617770029332,9299.75825561658
11,Q5,11647.013178349678,16815.06740667458,2749.2939188263067,23179.790509759587
12,Susceptible,0.81,0.8919999999999999,0.038522720568516466,0.96
12,Infected,0.02,0.057800000000000004,0.023940760221847594,0.12
12,Recovered_Immune,0.01,0.01,0.0,0.01
12,Death,0.0,0.0006,0.002374868417407583,0.01
12,Exposed,0.0,0.0396,0.023660938273872403,0.1
12,Asymptomatic,0.98,0.9936000000000001,0.0065604877867426956,1.0
12,Hospitalization,0.0,0.0038,0.0059632206063502296,0.02
12,Severe,0.0,0.002,0.004,0.01
12,Q1,755.7249620187304,1337.8488750506062,270.02706208720343,2078.834839694996
12,Q2,1282.3984946566807,2602.766554037911,517.2937384797478,3895.9305861320336
12,Q3,2398.192559390812,4141.962295310164,759.4002473754357,5883.523638250922
12,Q4,3864.380248425864,6492.156875129627,1271.719566652101,9918.755501262585
12,Q5,11926.815034845085,17767.424412020013,3014.1003974738596,25157.962447290425
13,Susceptible,0.8,0.8839999999999999,0.0405462698654266,0.95
13,Infected,0.02,0.0616,0.026333248945012464,0.12
13,Recovered_Immune,0.01,0.01,0.0,0.01
13,Death,0.0,0.0006,0.002374868417407583,0.01
13,Exposed,0.01,0.043800000000000006,0.023739418695494632,0.11
13,Asymptomatic,0.98,0.9922,0.007291090453423281,1.0
13,Hospitalization,0.0,0.0052,0.0064,0.02
13,Severe,0.0,0.002,0.004,0.01
13,Q1,776.6388363689097,1405.87090834225,287.82565487900115,2180.0343204209366
13,Q2,1360.5272653755653,2744.2651856385933,547.1521149552292,4034.2181644077114
13,Q3,2465.684132316038,4359.372364510356,818.5313460169338,6196.744887671972
13,Q4,4077.4053315402916,6829.260503380552,1379.7041649549042,10483.151965098681
13,Q5,12112.629796921023,18675.51058333416,3185.4944284161747,26847.673582101786
14,Susceptible,0.77,0.8764,0.04457622684795115,0.95
14,Infected,0.02,0.066,0.02870540018881465,0.12
14,Recovered_Immune,0.01,0.01,0.0,0.01
14,Death,0.0,0.0006,0.002374868417407583,0.01
14,Exposed,0.01,0.04699999999999999,0.02483948469674844,0.11
14,Asymptomatic,0.97,0.9911999999999999,0.008158431221748464,1.0
14,Hospitalization,0.0,0.006000000000000001,0.007211102550927978,0.03
14,Severe,0.0,0.0022,0.004142463035441596,0.01
14,Q1,802.3748063936273,1478.345784961219,311.1592460307637,2330.9965589709013
14,Q2,1405.5054251187569,2873.760972841496,586.7562147809386,4218.868427772293
14,Q3,2567.8910231317823,4598.654850716768,893.378538738959,6739.115738641462
14,Q4,4202.053929354285,7151.368450194351,1467.0742906913083,11030.294546415582
14,Q5,12629.429876737411,19579.093055494905,3401.1763765275855,27987.328093402328
15,Susceptible,0.75,0.8688000000000001,0.04844130468928352,0.94
15,Infected,0.02,0.0704,0.030063931878581685,0.14
15,Recovered_Immune,0.01,0.01,0.0,0.01
15,Death,0.0,0.0006,0.002374868417407583,0.01
15,Exposed,0.01,0.050199999999999995,0.02796354770053328,0.13
15,Asymptomatic,0.97,0.9904000000000001,0.008475848040166843,1.0
15,Hospitalization,0.0,0.006200000000000001,0.0066,0.02
15,Severe,0.0,0.0028000000000000004,0.00448998886412873,0.01
15,Q1,818.2485659085419,1550.3624208369822,331.4049460557808,2419.0156860258776
15,Q2,1425.5066962950616,3012.9575975072844,622.6612959739181,4440.769536723511
15,Q3,2688.0682524099107,4805.5832076674005,954.1025378554992,7152.164988181239
15,Q4,4437.98432047967,7515.161545830811,1556.112884264229,11569.950141199453
15,Q5,12983.074070104974,20497.653052245823,3606.281560292236,29319.381260939437
16,Susceptible,0.73,0.8588,0.05152242230330403,0.94
16,Infected,0.03,0.0776,0.03253060097815594,0.15
16,Recovered_Immune,0.01,0.01,0.0,0.01
16,Death,0.0,0.0006,0.002374868417407583,0.01
16,Exposed,0.01,0.053,0.02707397274136177,0.12
16,Asymptomatic,0.96,0.9895999999999999,0.00958331884056876,1.0
16,Hospitalization,0.0,0.006999999999999999,0.007810249675906654,0.03
16,Severe,0.0,0.0028000000000000004,0.00448998886412873,0.01
16,Q1,849.9289740550003,1619.564414143047,352.8749450813317,2505.3464137448714
16,Q2,1504.8078179047934,3153.0649464681956,657.0122876934407,4722.780157921703
16,Q3,2800.176188513256,5026.736518873749,1021.7581885529769,7576.048408968457
16,Q4,4562.194124537595,7879.219565199815,1636.9374920368555,12201.372771975355
16,Q5,13267.691747342913,21481.03179332188,3775.637941606418,30234.881983067175
17,Susceptible,0.73,0.8492000000000001,0.051993845789670146,0.93
17,Infected,0.03,0.0858,0.03359107024195567,0.16
17,Recovered_Immune,0.01,0.01,0.0,0.01
17,Death,0.0,0.0006,0.002374868417407583,0.01
17,Exposed,0.01,0.054400000000000004,0.025702918122267753,0.13
17,Asymptomatic,0.96,0.9889999999999999,0.009643650760992963,1.0
17,Hospitalization,0.0,0.0072,0.008009993757800316,0.03
17,Severe,0.0,0.0032000000000000006,0.00466476151587624,0.01
17,Q1,854.3471392787584,1695.3119823081881,373.53523505711655,2625.1460303708786
17,Q2,1541.8487649248814,3286.2373405938797,689.7094610178333,4909.122998071114
17,Q3,2882.978601186838,5245.271409954087,1080.8257012634538,7978.697973932005
17,Q4,4748.300994848766,8198.90485871985,1731.5231091441926,12837.419247340164
17,Q5,13469.0672749544,22387.825984922714,4004.878375211666,31835.772265746877
18,Susceptible,0.72,0.848,0.05340411969127476,0.93
18,Infected,0.04,0.0906,0.03540677901193499,0.17
18,Recovered_Immune,0.01,0.01,0.0,0.01
18,Death,0.0,0.0006,0.002374868417407583,0.01
18,Exposed,0.01,0.05079999999999999,0.02480645077394185,0.13
18,Asymptomatic,0.96,0.9886,0.009800000000000008,1.0
18,Hospitalization,0.0,0.0072,0.008255906976220117,0.03
18,Severe,0.0,0.0036,0.0052,0.02
18,Q1,849.3471392787584,1681.2838865555966,369.7683059967027,2602.4612238061013
18,Q2,1534.8612287912529,3259.2172806628555,682.6777101882238,4867.25290008077
18,Q3,2863.478601186838,5202.878379652905,1070.1396789342396,7910.447973932005
18,Q4,4719.563126627169,8132.74288466573,1713.688577747068,12722.981913578587
18,Q5,13372.817274954397,22209.21448453804,3969.266398786024,31584.747573482535
19,Susceptible,0.72,0.8477999999999999,0.053489812114083934,0.93
19,Infected,0.04,0.09360000000000002,0.03691937160895348,0.17
19,Recovered_Immune,0.01,0.01,0.0,0.01
19,Death,0.0,0.0008,0.002712931993250107,0.01
19,Exposed,0.01,0.047799999999999995,0.022653035116734357,0.12
19,Asymptomatic,0.96,0.9872,0.010007996802557453,1.0
19,Hospitalization,0.0,0.008400000000000001,0.0088,0.03
19,Severe,0.0,0.0036000000000000003,0.0052,0.02
19,Q1,844.3471392787584,1667.1849975967652,365.830764470189,2578.8929751100964
19,Q2,1524.8612287912529,3231.544969014102,675.6602151670445,4825.254274669352
19,Q3,2843.978601186838,5158.127208464584,1056.265038822037,7844.162997111269
19,Q4,4684.563126627169,8066.4982560243925,1696.2922404688027,12604.304253347325
19,Q5,13276.567274954397,22029.556337273512,3932.565656571414,31309.747573482535
20,Susceptible,0.71,0.8473999999999999,0.05421475813835196,0.93
20,Infected,0.02,0.0764,0.038923514743661056,0.16
20,Recovered_Immune,0.02,0.0296,0.0019595917942265423,0.03
20,Death,0.0,0.0008,0.002712931993250107,0.01
20,Exposed,0.01,0.0458,0.021174512981412347,0.1
20,Asymptomatic,0.96,0.9914000000000002,0.010001999800039999,1.0
20,Hospitalization,0.0,0.0066,0.008151073548925932,0.03
20,Severe,0.0,0.0012,0.003249615361854384,0.01
20,Q1,840.6409743353635,1653.0869585439964,361.9629731673362,2555.591088691146
20,Q2,1514.8612287912529,3204.3886347737307,668.5973881334982,4783.752744433409
20,Q3,2824.478601186838,5115.4951957424955,1045.89324019075,7775.912997111269
20,Q4,4649.563126627169,8001.054449699157,1679.417802301313,12488.755240521856
20,Q5,13180.317274954397,21847.15966930217,3895.096193838345,31045.622409245727
21,Susceptible,0.71,0.8472,0.05440735244431584,0.93
21,Infected,0.01,0.0758,0.039501392380522485,0.16
21,Recovered_Immune,0.03,0.032,0.004472135954999581,0.05
21,Death,0.0,0.0012000000000000001,0.003815756805667783,0.02
21,Exposed,0.01,0.043800000000000006,0.021343851573696816,0.1
21,Asymptomatic,0.96,0.9904000000000001,0.009789790600416343,1.0
21,Hospitalization,0.0,0.0064,0.007144228439796701,0.02
21,Severe,0.0,0.002,0.00447213595499958,0.02
21,Q1,836.2845736868401,1639.2418544736904,358.14238863127497,2531.591088691146
21,Q2,1505.8070727842746,3177.2557832228335,661.8996900469399,4741.3134553108985
21,Q3,2806.028850262816,5073.795092732607,1036.3954864656225,7712.294027340002
21,Q4,4617.821358550631,7934.971013226126,1662.4917428485696,12371.52340938994
21,Q5,13086.118291216633,21665.745155938846,3856.126451601556,30778.9260307624
22,Susceptible,0.71,0.8458,0.05488497062038023,0.93
22,Infected,0.01,0.07680000000000001,0.038649191453379715,0.17
22,Recovered_Immune,0.03,0.035,0.007280109889280519,0.06
22,Death,0.0,0.0012000000000000001,0.003815756805667783,0.02
22,Exposed,0.01,0.0412,0.021131966306995664,0.09
22,Asymptomatic,0.96,0.9904000000000002,0.009583318840568759,1.0
22,Hospitalization,0.0,0.0064,0.007144228439796701,0.02
22,Severe,0.0,0.002,0.00447213595499958,0.02
22,Q1,831.2845736868401,1625.18654692975,354.3471668241381,2507.591088691146
22,Q2,1495.8070727842746,3150.0153834187286,654.8791129679137,4699.198835165683
22,Q3,2792.659473256832,5031.611449755893,1026.0707248228318,7647.902893685994
22,Q4,4586.692930845958,7868.0907196096905,1644.8753700214659,12251.52340938994
22,Q5,12994.404481315423,21482.803615529036,3819.513017883843,30506.045371647124
23,Susceptible,0.71,0.845,0.05452522352086235,0.93
23,Infected,0.01,0.07719999999999999,0.03852479720907043,0.17
23,Recovered_Immune,0.03,0.0374,0.009759098319004683,0.07
23,Death,0.0,0.0012000000000000001,0.003815756805667783,0.02
23,Exposed,0.01,0.039200000000000006,0.02028201173453955,0.09
23,Asymptomatic,0.96,0.9891999999999999,0.010361467077590903,1.0
23,Hospitalization,0.0,0.0068000000000000005,0.007332121111929344,0.02
23,Severe,0.0,0.0028000000000000004,0.0060133185513491635,0.03
23,Q1,826.8132384424856,1611.138517798698,350.5690684745568,2485.2465198663112
23,Q2,1485.8070727842746,3122.510542957727,647.9842940963933,4656.3194102468115
23,Q3,2773.159473256832,4989.0771449424365,1015.7919121342077,7581.727815351598
23,Q4,4551.692930845958,7802.109509506212,1628.3181801225273,12140.156330939188
23,Q5,12898.154481315423,21301.777644627102,3782.6183353442857,30244.066875343204
24,Susceptible,0.71,0.8442000000000001,0.0546292961697293,0.93
24,Infected,0.01,0.0792,0.03708584635679763,0.16
24,Recovered_Immune,0.03,0.04,0.01077032961426901,0.07
24,Death,0.0,0.0016,0.00417612260356422,0.02
24,Exposed,0.01,0.035,0.020024984394500785,0.09
24,Asymptomatic,0.96,0.9873999999999999,0.011629273408085315,1.0
24,Hospitalization,0.0,0.0078000000000000005,0.008553361912137238,0.03
24,Severe,0.0,0.0032000000000000006,0.006462197768561405,0.03
24,Q1,821.8132384424856,1597.1709985251632,346.7672432550288,2462.173361666501
24,Q2,1478.81275688683,3095.1800753669645,640.9601184805222,4614.8977215923605
24,Q3,2753.659473256832,4937.6358611552,1004.321137616888,7513.477815351598
24,Q4,4521.000330418098,7736.080893880006,1611.0749808184353,12020.24703099738
24,Q5,12801.904481315423,21121.682448357828,3744.6319619894193,30000.74749548921
25,Susceptible,0.71,0.8438,0.054291435788713496,0.93
25,Infected,0.01,0.0796,0.03411509929635263,0.15
25,Recovered_Immune,0.03,0.043199999999999995,0.013481839637082174,0.08
25,Death,0.0,0.0018,0.004331281565541543,0.02
25,Exposed,0.0,0.0316,0.019734234213670414,0.09
25,Asymptomatic,0.96,0.9868000000000001,0.011906300852909784,1.0
25,Hospitalization,0.0,0.0082,0.009314504817756015,0.03
25,Severe,0.0,0.0032000000000000006,0.005810335618533579,0.02
25,Q1,816.8132384424856,1583.1520922873417,343.0985106674634,2438.639630914268
25,Q2,1469.484723123669,3067.8974707980415,634.0975309620985,4571.187647166609
25,Q3,2735.1722204812136,4895.198322505937,993.6530747297275,7447.619172210749
25,Q4,4489.04732977221,7669.646203710301,1594.2113874166066,11902.121987859835
25,Q5,12705.654481315423,20937.3149297518,3708.419007617279,29745.461039067
26,Susceptible,0.7,0.8428,0.05477371632452923,0.92
26,Infected,0.01,0.08199999999999999,0.034176014981270125,0.15
26,Recovered_Immune,0.03,0.0454,0.015389606882568508,0.09
26,Death,0.0,0.0018,0.004331281565541543,0.02
26,Exposed,0.0,0.028000000000000004,0.01918332609325088,0.1
26,Asymptomatic,0.96,0.9867999999999999,0.011565465835840779,1.0
26,Hospitalization,0.0,0.0088,0.009516301802696256,0.03
26,Severe,0.0,0.0026,0.0052191953402799555,0.02
26,Q1,812.396684703379,1569.144934006483,339.11646629747656,2415.3712384476985
26,Q2,1459.484723123669,3040.852530376585,627.1773853299903,4532.209606353738
26,Q3,2715.6722204812136,4852.619225858209,983.3727716836244,7379.369172210749
26,Q4,4457.463683881734,7603.603577723469,1576.877649707181,11782.121987859835
26,Q5,12625.466364008627,20756.581674816247,3669.607886928277,29483.601738239842
27,Susceptible,0.7,0.8422000000000002,0.055001454526221405,0.92
27,Infected,0.01,0.0836,0.035256772399072496,0.15
27,Recovered_Immune,0.03,0.04839999999999999,0.016414627622946553,0.1
27,Death,0.0,0.0018,0.004331281565541543,0.02
27,Exposed,0.0,0.024000000000000004,0.017204650534085254,0.09
27,Asymptomatic,0.96,0.9869999999999999,0.011180339887498959,1.0
27,Hospitalization,0.0,0.0088,0.009303762679690407,0.03
27,Severe,0.0,0.0024,0.005851495535331118,0.03
27,Q1,807.396684703379,1555.1582018799072,335.1577562389814,2391.6847495858856
27,Q2,1449.484723123669,3013.8325042847173,620.0811877737588,4490.266883611199
27,Q3,2696.1722204812136,4810.025393983311,972.982820648004,7311.383594358791
27,Q4,4422.463683881734,7537.205023044199,1560.5060454683212,11674.232357485507
27,Q5,12535.387993905575,20576.274144704104,3630.7153944578226,29225.367789324133
28,Susceptible,0.7,0.8414000000000001,0.0555701358645091,0.92
28,Infected,0.02,0.0846,0.034825852466235485,0.16
28,Recovered_Immune,0.03,0.052199999999999996,0.017353962083628053,0.1
28,Death,0.0,0.0018,0.004331281565541543,0.02
28,Exposed,0.0,0.02,0.015874507866387545,0.08
28,Asymptomatic,0.97,0.9877999999999999,0.010057832768544136,1.0
28,Hospitalization,0.0,0.0078000000000000005,0.008316249154516717,0.03
28,Severe,0.0,0.0026,0.00482078831727758,0.02
28,Q1,802.396684703379,1541.1956695381025,331.37829003594106,2368.024333940706
28,Q2,1439.484723123669,2986.7156800213097,613.1596208167663,4451.016765955926
28,Q3,2676.6722204812136,4767.542403761483,962.5807171426122,7243.133594358791
28,Q4,4387.463683881734,7471.435306827492,1542.80148290707,11560.936548585902
28,Q5,12439.137993905575,20395.12105917679,3593.9136288528116,28973.110006393148
29,Susceptible,0.7,0.8406,0.05626402047490031,0.92
29,Infected,0.02,0.08440000000000002,0.03544911846576724,0.16
29,Recovered_Immune,0.03,0.05539999999999999,0.019309065228539677,0.11
29,Death,0.0,0.002,0.00447213595499958,0.02
29,Exposed,0.0,0.0176,0.013792751719653334,0.07
29,Asymptomatic,0.97,0.9875999999999998,0.01049952379872536,1.0
29,Hospitalization,0.0,0.0078000000000000005,0.00782048591840686,0.03
29,Severe,0.0,0.0026,0.00482078831727758,0.02
29,Q1,797.396684703379,1527.249668776121,327.6131582507595,2345.5243834403445
29,Q2,1431.2658403462783,2959.363609917622,606.1993596087893,4407.016765955926
29,Q3,2659.7739206445253,4724.993444759085,952.1253743036526,7174.883594358791
29,Q4,4352.463683881734,7404.701149857964,1526.2643986841576,11442.735817549987
29,Q5,12346.29211811353,20215.02544449977,3556.7599829743817,28704.711699247637
30,Susceptible,0.7,0.8398000000000002,0.056585863959119694,0.92
30,Infected,0.02,0.0882,0.03750679938357844,0.17
30,Recovered_Immune,0.03,0.056799999999999996,0.01984338680769994,0.12
30,Death,0.0,0.002,0.00447213595499958,0.02
30,Exposed,0.0,0.0132,0.010476640682967036,0.05
30,Asymptomatic,0.97,0.9867999999999999,0.010665833300778716,1.0
30,Hospitalization,0.0,0.008400000000000001,0.008333066662399864,0.03
30,Severe,0.0,0.0028000000000000004,0.0049152822909778035,0.02
30,Q1,792.396684703379,1513.3571301254226,323.86307604511876,2322.537683572441
30,Q2,1421.3249998385036,2932.4027062539153,599.1819307988507,4368.543348801855
30,Q3,2640.2739206445253,4683.073521784155,942.3772661579121,7112.244218058504
30,Q4,4319.672773116212,7338.347411688366,1508.6659141104797,11322.735817549987
30,Q5,12264.38624914103,20034.975678890558,3516.148399897774,28429.711699247637
31,Susceptible,0.7,0.8386000000000001,0.0565335298738722,0.92
31,Infected,0.02,0.09,0.03831448812133603,0.18
31,Recovered_Immune,0.03,0.0602,0.021586106642931233,0.12
31,Death,0.0,0.002,0.00447213595499958,0.02
31,Exposed,0.0,0.009200000000000002,0.008908422980528036,0.04
31,Asymptomatic,0.97,0.986,0.010954451150103331,1.0
31,Hospitalization,0.0,0.0092,0.008908422980528035,0.03
31,Severe,0.0,0.0028000000000000004,0.005670978751503131,0.03
31,Q1,787.396684703379,1499.4431949932134,320.0807384159006,2300.1944379212587
31,Q2,1411.3249998385036,2905.371690408,592.5282812654848,4326.109478428827
31,Q3,2620.7739206445253,4640.854675416375,932.5455752668632,7049.797419700974
31,Q4,4289.232814639596,7271.900688123009,1491.1355538496985,11208.19823306985
31,Q5,12168.136249141027,19852.785269797,3479.314713737061,28154.711699247637
32,Susceptible,0.7,0.8380000000000001,0.057026309717533016,0.92
32,Infected,0.02,0.09039999999999998,0.036984321002284194,0.18
32,Recovered_Immune,0.03,0.0634,0.02268126980572296,0.12
32,Death,0.0,0.0022,0.004600000000000001,0.02
32,Exposed,0.0,0.006000000000000001,0.0074833147735478825,0.03
32,Asymptomatic,0.96,0.9857999999999998,0.011677328461596009,1.0
32,Hospitalization,0.0,0.008400000000000001,0.008089499366462673,0.03
32,Severe,0.0,0.0036000000000000003,0.0065604877867426895,0.03
32,Q1,782.690835083972,1485.3873509029827,316.32743073816005,2276.5112115166044
32,Q2,1402.3335232958175,2875.11858140076,582.7023803216914,4282.826194572198
32,Q3,2601.2739206445253,4598.502202372279,921.8795088145775,6982.434310520799
32,Q4,4254.232814639596,7205.711775980205,1474.09863730546,11088.19823306985
32,Q5,12071.886249141027,19671.292152015612,3442.4870142864843,27911.130957977944
33,Susceptible,0.7,0.8378,0.056966305830727704,0.92
33,Infected,0.02,0.08679999999999997,0.03641098735272088,0.18
33,Recovered_Immune,0.03,0.0672,0.023667699507979225,0.13
33,Death,0.0,0.0024000000000000002,0.005122499389946279,0.02
33,Exposed,0.0,0.0058000000000000005,0.006954135460285484,0.03
33,Asymptomatic,0.96,0.9858,0.012663332894621394,1.0
33,Hospitalization,0.0,0.0078000000000000005,0.008553361912137238,0.03
33,Severe,0.0,0.004,0.006928203230275509,0.03
33,Q1,777.690835083972,1471.3652769477346,312.4964364862182,2252.9034925701662
33,Q2,1392.3335232958175,2848.136786049761,575.8475396525163,4239.626770773031
33,Q3,2581.7739206445253,4556.713980912778,911.7844565903074,6916.205358789893
33,Q4,4220.098722934936,7138.727858342239,1456.9516072040956,10973.89043569773
33,Q5,11979.895536432883,19489.154565553858,3404.6593622147525,27638.605407468604
34,Susceptible,0.7,0.8378,0.056966305830727704,0.92
34,Infected,0.02,0.08299999999999999,0.03623534186398687,0.18
34,Recovered_Immune,0.03,0.071,0.025942243542145693,0.13
34,Death,0.0,0.0026,0.005219195340279955,0.02
34,Exposed,0.0,0.005600000000000001,0.006374950980203691,0.02
34,Asymptomatic,0.95,0.985,0.013453624047073722,1.0
34,Hospitalization,0.0,0.0082,0.008646386528486915,0.03
34,Severe,0.0,0.004200000000000001,0.007236021006050217,0.03
34,Q1,772.8754856703939,1457.3306126450498,308.67052922535623,2230.7186606843857
34,Q2,1382.3335232958175,2821.31416390778,569.0359044631114,4195.626770773031
34,Q3,2562.7200513338175,4514.191481201147,902.0808638240303,6850.695337644606
34,Q4,4185.098722934936,7072.218295774934,1440.7578751173814,10864.586726345695
34,Q5,11883.645536432883,19309.542040638084,3366.988948206613,27363.605407468604
35,Susceptible,0.7,0.8378,0.056966305830727704,0.92
35,Infected,0.02,0.0774,0.034514344843847175,0.17
35,Recovered_Immune,0.03,0.077,0.028160255680657446,0.13
35,Death,0.0,0.0026,0.005219195340279955,0.02
35,Exposed,0.0,0.0052,0.00574108003776293,0.02
35,Asymptomatic,0.95,0.986,0.012489995996796809,1.0
35,Hospitalization,0.0,0.0076,0.008138795979750323,0.03
35,Severe,0.0,0.0038,0.0066,0.02
35,Q1,767.8754856703939,1443.3155099431253,304.8653312454654,2207.1984349607696
35,Q2,1372.3335232958175,2794.0535370812554,562.2995333906138,4154.288082557451
35,Q3,2547.1890078605707,4472.63060616208,891.5400622905687,6785.780968493431
35,Q4,4150.837701564723,7006.478696058092,1424.568012496028,10749.146629143564
35,Q5,11787.395536432883,19127.46979420205,3331.2874210362484,27108.633324970895
36,Susceptible,0.7,0.8376,0.05690553575883458,0.92
36,Infected,0.02,0.07339999999999999,0.032961189298931555,0.17
36,Recovered_Immune,0.04,0.0812,0.030307754783223388,0.15
36,Death,0.0,0.0026,0.005219195340279955,0.02
36,Exposed,0.0,0.0052,0.00574108003776293,0.02
36,Asymptomatic,0.95,0.9864,0.012611106216347569,1.0
36,Hospitalization,0.0,0.007000000000000001,0.007549834435270749,0.03
36,Severe,0.0,0.004,0.006928203230275509,0.02
36,Q1,763.5931413946793,1429.2182745266089,301.00977801815947,2184.9369636311894
36,Q2,1363.1244470113138,2766.976185575998,555.4041017392352,4111.145797080661
36,Q3,2527.6890078605707,4430.097131462149,881.1872413700266,6717.530968493431
36,Q4,4119.993478570309,6939.899950375437,1407.3170078170288,10638.115590274132
36,Q5,11691.420598343557,18947.95894499602,3295.320558408209,26860.71274206771
37,Susceptible,0.7,0.8376,0.05690553575883458,0.92
37,Infected,0.02,0.06720000000000001,0.031307507086959195,0.16
37,Recovered_Immune,0.04,0.0882,0.0324154284253656,0.17
37,Death,0.0,0.0026,0.005219195340279955,0.02
37,Exposed,0.0,0.0044,0.00571314274283428,0.02
37,Asymptomatic,0.95,0.9874,0.012459534501738027,1.0
37,Hospitalization,0.0,0.0054,0.0072691127381545,0.03
37,Severe,0.0,0.0046,0.008052328855678957,0.03
37,Q1,758.5931413946793,1415.2804723751015,297.2558018251653,2160.9369636311894
37,Q2,1353.1244470113138,2739.859846294294,548.9274495454034,4072.2524347850995
37,Q3,2508.1890078605707,4387.583989632311,871.0083901819555,6650.415371158527
37,Q4,4084.9934785703094,6873.20658374451,1390.846381281599,10524.606197010211
37,Q5,11595.170598343557,18768.544180053697,3260.035784555772,26598.5392517257
38,Susceptible,0.7,0.8376,0.05690553575883458,0.92
38,Infected,0.01,0.057800000000000004,0.028864511081949748,0.15
38,Recovered_Immune,0.05,0.09819999999999998,0.03415786878597668,0.17
38,Death,0.0,0.0028000000000000004,0.005306599664568641,0.02
38,Exposed,0.0,0.0036000000000000003,0.005571355310873648,0.02
38,Asymptomatic,0.96,0.9895999999999999,0.010947145746723216,1.0
38,Hospitalization,0.0,0.0048,0.007277362159464101,0.03
38,Severe,0.0,0.0028000000000000004,0.006337191807101943,0.03
38,Q1,753.5931413946793,1401.255307883232,293.5479657968647,2137.923981258932
38,Q2,1343.1244470113138,2712.7924398686446,542.3360323972291,4031.154967641499
38,Q3,2488.68900786057,4345.239527850186,860.7804132845308,6582.770635572065
38,Q4,4051.7126817380354,6806.702247164334,1374.2622087412224,10413.746702647833
38,Q5,11500.81412956389,18587.69345443202,3226.0681585175575,26331.156489291177
39,Susceptible,0.7,0.8376,0.05690553575883458,0.92
39,Infected,0.01,0.0538,0.026068371640745037,0.13
39,Recovered_Immune,0.05,0.10220000000000001,0.036292698990292804,0.18
39,Death,0.0,0.0030000000000000005,0.005385164807134505,0.02
39,Exposed,0.0,0.0034000000000000002,0.0055172456896534884,0.02
39,Asymptomatic,0.97,0.9902,0.009484724561103509,1.0
39,Hospitalization,0.0,0.0046,0.006696267617113282,0.02
39,Severe,0.0,0.0022,0.005015974481593781,0.02
39,Q1,748.8206025276236,1387.0953020667343,289.6399483527454,2115.6914003534193
39,Q2,1333.1244470113138,2681.546139726673,526.113013986191,3782.3884727640216
39,Q3,2469.8351564855748,4302.86386898412,850.8076993575758,6519.608986220746
39,Q4,4016.7126817380354,6740.186469027077,1357.8733475525814,10298.146103246807
39,Q5,11407.98151256618,18405.559020219094,3188.511472951637,26076.432115612573
40,Susceptible,0.7,0.8376,0.05690553575883458,0.92
40,Infected,0.01,0.0516,0.02377898231632296,0.1
40,Recovered_Immune,0.05,0.10460000000000001,0.03858548950058816,0.19
40,Death,0.0,0.0030000000000000005,0.005385164807134505,0.02
40,Exposed,0.0,0.0032,0.005455272678794342,0.02
40,Asymptomatic,0.97,0.9905999999999999,0.00925418824100743,1.0
40,Hospitalization,0.0,0.0046,0.006988562083862459,0.02
40,Severe,0.0,0.0018,0.004770744176750626,0.02
40,Q1,743.8206025276236,1373.220166465327,286.0080316984309,2093.1858900116354
40,Q2,1323.1244470113138,2654.456643348151,519.495120508766,3741.3242855444178
40,Q3,2450.3351564855748,4260.668373737941,840.435805542622,6451.470865859695
40,Q4,3982.744460240437,6674.800800393311,1341.7193269957504,10185.636224498689
40,Q5,11311.73151256618,18225.776382212873,3152.836888116186,25814.10905331795
41,Susceptible,0.7,0.8376,0.05690553575883458,0.92
41,Infected,0.01,0.05,0.024248711305964284,0.11
41,Recovered_Immune,0.05,0.1066,0.03942638710305574,0.2
41,Death,0.0,0.0032000000000000006,0.0054552726787943425,0.02
41,Exposed,0.0,0.0026,0.0048207883172775795,0.02
41,Asymptomatic,0.97,0.9906,0.009035485598461223,1.0
41,Hospitalization,0.0,0.0046,0.006390618123468183,0.02
41,Severe,0.0,0.0016,0.00463033476111609,0.02
41,Q1,738.8206025276236,1359.3725110993535,282.4069657032938,2070.48077615701
41,Q2,1313.1244470113138,2623.4789781030872,505.5174714585263,3701.6817988851367
41,Q3,2431.7998754515693,4218.516814429065,831.0860928363923,6388.23175764472
41,Q4,3950.7553161424657,6608.4774298201755,1324.3947373006092,10073.308588651613
41,Q5,11215.48151256618,18044.935319057702,3116.9797763996985,25556.702775091806
42,Susceptible,0.7,0.8376,0.05690553575883458,0.92
42,Infected,0.01,0.0466,0.02268126980572296,0.1
42,Recovered_Immune,0.05,0.11020000000000002,0.04022387350815433,0.2
42,Death,0.0,0.0032000000000000006,0.0054552726787943425,0.02
42,Exposed,0.0,0.0024000000000000002,0.0047159304490206385,0.02
42,Asymptomatic,0.97,0.9912000000000001,0.009086253353280446,1.0
42,Hospitalization,0.0,0.0038,0.0062896740774065546,0.02
42,Severe,0.0,0.0018,0.004770744176750626,0.02
42,Q1,733.8206025276236,1345.2652450812852,278.71350271383636,2048.208543480739
42,Q2,1304.082180490087,2596.702015670727,498.9610634500273,3660.8048099793423
42,Q3,2412.2998754515693,4175.979346266406,821.3780548119191,6324.12930890123
42,Q4,3915.7553161424657,6542.522069706288,1308.1011457901918,9958.304515567546
42,Q5,11119.23151256618,17862.645253069753,3080.6167394933,25306.061844327476
43,Susceptible,0.7,0.8376,0.05690553575883458,0.92
43,Infected,0.01,0.043,0.021656407827707714,0.1
43,Recovered_Immune,0.05,0.1136,0.04107359248957899,0.2
43,Death,0.0,0.0036,0.005919459434779497,0.02
43,Exposed,0.0,0.0022,0.0046,0.02
43,Asymptomatic,0.96,0.9910000000000001,0.009433981132056611,1.0
43,Hospitalization,0.0,0.0032000000000000006,0.0054552726787943425,0.02
43,Severe,0.0,0.0022,0.005015974481593781,0.02
43,Q1,728.8206025276236,1331.1463454044188,275.0014129647239,2025.0408553841694
43,Q2,1294.082180490087,2569.7036477207726,492.44030185277177,3623.033900582828
43,Q3,2392.7998754515693,4129.427742745107,808.8936540288496,6255.87930890123
43,Q4,3886.6489798876373,6475.712590668842,1291.0653506819976,9845.592099599879
43,Q5,11041.330479214861,17682.432443183876,3044.6990191241407,25061.825651367617
44,Susceptible,0.7,0.8371999999999999,0.057237749781066695,0.92
44,Infected,0.01,0.039599999999999996,0.02217746604100658,0.1
44,Recovered_Immune,0.05,0.118,0.04190465367951393,0.2
44,Death,0.0,0.0036,0.005919459434779497,0.02
44,Exposed,0.0,0.0016,0.0036660605559646715,0.01
44,Asymptomatic,0.96,0.9914000000000001,0.00938296328459193,1.0
44,Hospitalization,0.0,0.0030000000000000005,0.005385164807134505,0.02
44,Severe,0.0,0.002,0.004898979485566357,0.02
44,Q1,724.3686874449684,1317.0427499454538,271.3282786577639,2001.9801011065767
44,Q2,1284.082180490087,2542.6696823792404,485.8311179556879,3583.0071738538854
44,Q3,2375.7089892935896,4087.149985878768,799.2929091806764,6190.307066840084
44,Q4,3856.0389476981763,6409.218568867712,1275.111725031149,9734.433131634994
44,Q5,10945.080479214861,17500.183217018406,3009.3692285729185,24800.64444359746
45,Susceptible,0.7,0.8371999999999999,0.057237749781066695,0.92
45,Infected,0.01,0.036000000000000004,0.02253885533916929,0.1
45,Recovered_Immune,0.05,0.122,0.04093897898091744,0.2
45,Death,0.0,0.0036,0.005919459434779497,0.02
45,Exposed,0.0,0.0012,0.003249615361854384,0.01
45,Asymptomatic,0.96,0.9914000000000001,0.00938296328459193,1.0
45,Hospitalization,0.0,0.003,0.005385164807134504,0.02
45,Severe,0.0,0.002,0.004472135954999579,0.02
45,Q1,720.2038832754452,1303.031708385256,267.6276708012889,1978.3147340560545
45,Q2,1274.4832626875652,2515.4290609094223,479.07575885940935,3541.0071738538854
45,Q3,2356.2089892935896,4045.1672227592476,789.4780639573853,6122.057066840084
45,Q4,3821.0389476981763,6342.8894596461005,1258.6684942350444,9618.821140340282
45,Q5,10848.830479214861,17319.536320055704,2973.3889241325664,24537.25623735518
46,Susceptible,0.7,0.8371999999999999,0.057237749781066695,0.92
46,Infected,0.0,0.0322,0.021474636201807937,0.1
46,Recovered_Immune,0.05,0.12619999999999998,0.04132263302356228,0.2
46,Death,0.0,0.0036,0.005919459434779497,0.02
46,Exposed,0.0,0.0008,0.002712931993250107,0.01
46,Asymptomatic,0.97,0.9922000000000001,0.009008884503644175,1.0
46,Hospitalization,0.0,0.0021999999999999997,0.004600000000000001,0.02
46,Severe,0.0,0.002,0.004472135954999579,0.02
46,Q1,715.3500767583935,1289.042358724889,263.9970442716307,1955.2964457320013
46,Q2,1267.8320109313217,2488.3297128080785,472.25718829186167,3500.5724909857454
46,Q3,2336.7089892935896,4002.953036588993,779.7520210735793,6057.167955953059
46,Q4,3786.0389476981763,6276.591277225807,1242.842530110542,9500.729202196002
46,Q5,10764.681065443667,17138.456175733445,2935.7103754927884,24262.25623735518
47,Susceptible,0.7,0.8371999999999999,0.057237749781066695,0.92
47,Infected,0.0,0.027999999999999997,0.019899748742132402,0.09
47,Recovered_Immune,0.05,0.1308,0.04408355702526737,0.2
47,Death,0.0,0.0036,0.005919459434779497,0.02
47,Exposed,0.0,0.0004,0.0019595917942265427,0.01
47,Asymptomatic,0.97,0.9916000000000001,0.00987117014340246,1.0
47,Hospitalization,0.0,0.0028000000000000004,0.005306599664568641,0.02
47,Severe,0.0,0.002,0.004472135954999579,0.02
47,Q1,710.3500767583935,1274.948115799205,260.34100192497186,1933.889771478427
47,Q2,1257.8320109313217,2461.249677776129,465.91474665434595,3460.8144597160076
47,Q3,2317.2089892935896,3961.130785354264,770.3649557311313,5993.765518451613
47,Q4,3751.0389476981763,6210.388161902665,1226.5802482624945,9387.769554458504
47,Q5,10668.431065443667,16959.649386805202,2900.566863969456,23998.505870502813
48,Susceptible,0.7,0.8371999999999999,0.057237749781066695,0.92
48,Infected,0.0,0.023600000000000003,0.017861690849412887,0.08
48,Recovered_Immune,0.06,0.1354,0.04566004818219096,0.23
48,Death,0.0,0.0036,0.005919459434779497,0.02
48,Exposed,0.0,0.0002,0.0014000000000000002,0.01
48,Asymptomatic,0.97,0.9922000000000001,0.009442457307290309,1.0
48,Hospitalization,0.0,0.0024,0.005122499389946279,0.02
48,Severe,0.0,0.0018,0.004331281565541543,0.02
48,Q1,705.3500767583935,1260.9724193426282,256.6849182290439,1911.189889497927
48,Q2,1247.9960645340063,2434.355429529879,459.6462824945019,3420.732295282064
48,Q3,2298.654723221227,3919.0453558854915,761.0262408310193,5928.6638846271
48,Q4,3718.086193213462,6144.200829106624,1209.9668318532506,9268.32117909397
48,Q5,10581.542530262881,16780.7246100878,2861.378781462447,23723.505870502813
49,Susceptible,0.7,0.8371999999999999,0.057237749781066695,0.92
49,Infected,0.0,0.0202,0.01555506348428061,0.07
49,Recovered_Immune,0.06,0.13879999999999998,0.04744006745357768,0.23
49,Death,0.0,0.0036,0.005919459434779497,0.02
49,Exposed,0.0,0.0002,0.0014000000000000002,0.01
49,Asymptomatic,0.97,0.993,0.009219544457292896,1.0
49,Hospitalization,0.0,0.0018,0.004770744176750626,0.02
49,Severe,0.0,0.0016,0.003666060555964672,0.01
49,Q1,700.3500767583935,1246.7352144835368,252.95960338403444,1887.189889497927
49,Q2,1237.9960645340063,2407.414993902174,453.0529859056617,3378.9524743516176
49,Q3,2279.154723221227,3876.9342086461406,751.1975435039111,5860.4138846271
49,Q4,3684.7807967002045,6078.081473098166,1193.9799024260096,9160.09980659161
49,Q5,10485.858412761796,16600.338916346616,2824.0349437987643,23460.672154938165
50,Susceptible,0.7,0.8371999999999999,0.057237749781066695,0.92
50,Infected,0.0,0.0154,0.0122,0.05
50,Recovered_Immune,0.06,0.1436,0.049950375373964906,0.24
50,Death,0.0,0.0036,0.005919459434779497,0.02
50,Exposed,0.0,0.0002,0.0014000000000000002,0.01
50,Asymptomatic,0.97,0.9940000000000001,0.00824621125123533,1.0
50,Hospitalization,0.0,0.0012,0.003249615361854384,0.01
50,Severe,0.0,0.0012000000000000001,0.003249615361854384,0.01
50,Q1,695.3500767583935,1232.743675229088,249.19393617286678,1863.3410332848714
50,Q2,1227.9960645340063,2380.1875556504024,446.94774634677236,3337.8068057884193
50,Q3,2259.654723221227,3834.529182200802,741.4298575623699,5797.189164240472
50,Q4,3649.7807967002045,6010.825053592562,1177.1580243372066,9040.09980659161
50,Q5,10389.608412761796,16420.131144340463,2790.385326135856,23241.145038774455
51,Susceptible,0.7,0.8371999999999999,0.057237749781066695,0.92
51,Infected,0.0,0.011000000000000001,0.010816653826391968,0.04
51,Recovered_Immune,0.06,0.14800000000000002,0.05149757275833493,0.25
51,Death,0.0,0.0036,0.005919459434779497,0.02
51,Exposed,0.0,0.0002,0.0014000000000000002,0.01
51,Asymptomatic,0.98,0.9948,0.006997142273814367,1.0
51,Hospitalization,0.0,0.0006,0.0023748684174075834,0.01
51,Severe,0.0,0.001,0.0030000000000000005,0.01
51,Q1,690.6232745190977,1218.7766894082954,245.47266863024254,1839.6218259571838
51,Q2,1219.4629081710475,2353.3529402150143,440.44457393494804,3297.687871122556
51,Q3,2240.154723221227,3792.175762599962,731.9797895935633,5730.405015890025
51,Q4,3615.87363991021,5943.921620164367,1160.2850314537732,8920.241720623868
51,Q5,10293.358412761796,16241.049613509122,2755.269235783622,22972.70768543511
52,Susceptible,0.7,0.8371999999999999,0.057237749781066695,0.92
52,Infected,0.0,0.0066,0.008392854103342914,0.03
52,Recovered_Immune,0.07,0.15239999999999998,0.051944585858393365,0.26
52,Death,0.0,0.0036,0.005919459434779497,0.02
52,Exposed,0.0,0.0002,0.0014000000000000002,0.01
52,Asymptomatic,0.98,0.9956000000000002,0.006053098380168627,1.0
52,Hospitalization,0.0,0.0004,0.0019595917942265427,0.01
52,Severe,0.0,0.0004,0.0019595917942265427,0.01
52,Q1,685.6232745190977,1204.763336733755,241.9485169642525,1819.4882709179087
52,Q2,1211.266218452119,2326.022263960533,433.8381364217523,3255.687871122556
52,Q3,2222.805043279208,3749.965186051684,722.3671036464233,5664.186013273315
52,Q4,3580.87363991021,5878.181558065012,1144.7661707500931,8808.45630268546
52,Q5,10200.288776837851,16061.319040053,2719.0237362689113,22709.738530363044
53,Susceptible,0.7,0.8371999999999999,0.057237749781066695,0.92
53,Infected,0.0,0.006000000000000001,0.0074833147735478825,0.03
53,Recovered_Immune,0.07,0.153,0.052735187493740836,0.27
53,Death,0.0,0.0036,0.005919459434779497,0.02
53,Exposed,0.0,0.0002,0.0014000000000000002,0.01
53,Asymptomatic,0.98,0.9958000000000001,0.00602992537267254,1.0
53,Hospitalization,0.0,0.0004,0.0019595917942265427,0.01
53,Severe,0.0,0.0002,0.0014000000000000002,0.01
53,Q1,680.6232745190977,1190.6392554354143,238.30742509199035,1796.4331695462208
53,Q2,1201.5902060697688,2298.7321672819735,427.17701962174635,3215.144772939455
53,Q3,2203.305043279208,3707.804746469053,712.7812682782136,5596.6617113335
53,Q4,3545.87363991021,5812.094680587009,1128.7362955587744,8688.45630268546
53,Q5,10104.038776837851,15879.602058544231,2683.791261995694,22446.976275989524
54,Susceptible,0.7,0.8371999999999999,0.057237749781066695,0.92
54,Infected,0.0,0.0058000000000000005,0.006954135460285484,0.02
54,Recovered_Immune,0.07,0.1532,0.05285603087633425,0.27
54,Death,0.0,0.0036,0.005919459434779497,0.02
54,Exposed,0.0,0.0002,0.0014000000000000002,0.01
54,Asymptomatic,0.98,0.9958000000000001,0.00602992537267254,1.0
54,Hospitalization,0.0,0.0004,0.0019595917942265427,0.01
54,Severe,0.0,0.0002,0.0014000000000000002,0.01
54,Q1,675.6232745190975,1176.4630769348303,234.69367882923896,1773.3953309615167
54,Q2,1192.5433765522623,2271.949266665259,420.85975606143967,3173.3743768694194
54,Q3,2183.805043279208,3665.399656922286,703.3386273072341,5529.081012968432
54,Q4,3510.87363991021,5744.651222873212,1112.3566387412984,8568.930292170067
54,Q5,10007.788776837851,15698.491791246499,2647.6042564213208,22200.497603603846
55,Susceptible,0.7,0.8371999999999999,0.057237749781066695,0.92
55,Infected,0.0,0.0052,0.0064,0.02
55,Recovered_Immune,0.07,0.15360000000000001,0.05354474764157545,0.28
55,Death,0.0,0.0038,0.0059632206063502296,0.02
55,Exposed,0.0,0.0002,0.0014000000000000002,0.01
55,Asymptomatic,0.98,0.9958000000000001,0.00602992537267254,1.0
55,Hospitalization,0.0,0.0002,0.0014000000000000002,0.01
55,Severe,0.0,0.0002,0.0014000000000000002,0.01
55,Q1,670.6232745190975,1162.2648389659582,231.14897031335516,1749.4315107314876
55,Q2,1182.5433765522623,2245.0920809102204,414.6381085988383,3134.7327890357237
55,Q3,2165.2891332037225,3623.2451825249937,693.964199409872,5465.4772837853425
55,Q4,3477.8637796638213,5678.895658198757,1096.4258285817684,8457.056423631215
55,Q5,9924.057015216144,15518.57218517035,2614.7686983569874,21949.151189753924
56,Susceptible,0.7,0.8371999999999999,0.057237749781066695,0.92
56,Infected,0.0,0.0052,0.0064,0.02
56,Recovered_Immune,0.07,0.15360000000000001,0.05354474764157545,0.28
56,Death,0.0,0.0038,0.0059632206063502296,0.02
56,Exposed,0.0,0.0002,0.0014000000000000002,0.01
56,Asymptomatic,0.98,0.9958000000000001,0.00602992537267254,1.0
56,Hospitalization,0.0,0.0002,0.0014000000000000002,0.01
56,Severe,0.0,0.0002,0.0014000000000000002,0.01
56,Q1,665.6232745190975,1148.2264037760172,227.44713088610877,1725.8366677464337
56,Q2,1172.5433765522623,2217.920241946216,408.22016286986275,3095.1396368068113
56,Q3,2145.7891332037225,3580.790389331966,684.1411069398175,5400.112716213208
56,Q4,3443.512165722695,5612.179443799678,1079.933757532436,8337.056423631215
56,Q5,9797.529791382944,15337.035705798355,2577.9477535593296,21674.151189753924
57,Susceptible,0.7,0.8371999999999999,0.057237749781066695,0.92
57,Infected,0.0,0.0044,0.006053098380168622,0.02
57,Recovered_Immune,0.07,0.15439999999999998,0.05393180879592303,0.28
57,Death,0.0,0.0038,0.0059632206063502296,0.02
57,Exposed,0.0,0.0002,0.0014000000000000002,0.01
57,Asymptomatic,0.98,0.9956000000000002,0.006053098380168628,1.0
57,Hospitalization,0.0,0.0004,0.0019595917942265427,0.01
57,Severe,0.0,0.0002,0.0014000000000000002,0.01
57,Q1,661.3457724667178,1134.2098203429166,223.91341694124233,1702.0302917734225
57,Q2,1164.0965788021254,2190.8761693355223,401.82761059581594,3056.098505736147
57,Q3,2127.675199634506,3538.097795685104,674.1607272467074,5333.929884069854
57,Q4,3409.408908897314,5546.864165809759,1063.6953158658087,8222.048501491625
57,Q5,9660.029791382944,15154.351087262587,2542.3918782589376,21402.951308346845
58,Susceptible,0.7,0.8371999999999999,0.057237749781066695,0.92
58,Infected,0.0,0.0038,0.0059632206063502296,0.02
58,Recovered_Immune,0.07,0.15500000000000003,0.053413481444294565,0.28
58,Death,0.0,0.0038,0.0059632206063502296,0.02
58,Exposed,0.0,0.0002,0.0014000000000000002,0.01
58,Asymptomatic,0.97,0.9954000000000001,0.006696267617113288,1.0
58,Hospitalization,0.0,0.0006,0.0023748684174075834,0.01
58,Severe,0.0,0.0002,0.0014000000000000002,0.01
58,Q1,656.3457724667178,1120.0771962455658,220.32200476421818,1678.5304397612726
58,Q2,1154.0965788021254,2163.392589527784,395.13552684116877,3016.0140238220056
58,Q3,2110.5865934005956,3495.933607939768,664.2992071831055,5265.679884069854
58,Q4,3381.6289814658294,5479.825454262699,1047.6478073358944,8105.578721238798
58,Q5,9522.529791382944,14973.117056909265,2505.294039823722,21133.806142551115
59,Susceptible,0.7,0.8371999999999999,0.057237749781066695,0.92
59,Infected,0.0,0.0038,0.0059632206063502296,0.02
59,Recovered_Immune,0.07,0.1552,0.05326312044933154,0.28
59,Death,0.0,0.0038,0.0059632206063502296,0.02
59,Exposed,0.0,0.0,0.0,0.0
59,Asymptomatic,0.97,0.9954000000000001,0.007269112738154505,1.0
59,Hospitalization,0.0,0.0006,0.0023748684174075834,0.01
59,Severe,0.0,0.0002,0.0014000000000000002,0.01
59,Q1,651.3457724667178,1106.0731268212141,216.71247327899513,1655.6859756427507
59,Q2,1144.253823093329,2136.198335378794,388.82371791909753,2977.812261251082
59,Q3,2091.0865934005956,3453.609030666572,654.7240322231863,5197.866707138711
59,Q4,3346.6289814658294,5414.022867595557,1031.9367927482472,7990.081556376489
59,Q5,9385.029791382944,14790.735768551946,2470.5068279647344,20860.275936050126
60,Susceptible,0.7,0.8371999999999999,0.057237749781066695,0.92
60,Infected,0.0,0.0036,0.005919459434779497,0.02
60,Recovered_Immune,0.07,0.1554,0.05307391072834185,0.28
60,Death,0.0,0.0038,0.0059632206063502296,0.02
60,Exposed,0.0,0.0,0.0,0.0
60,Asymptomatic,0.97,0.9954000000000001,0.007269112738154505,1.0
60,Hospitalization,0.0,0.0006,0.0023748684174075834,0.01
60,Severe,0.0,0.0002,0.0014000000000000002,0.01
60,Q1,646.7981791342643,1091.9298201641927,213.1211183797934,1632.68270944097
60,Q2,1136.2195391175078,2109.23869621877,382.4872006592223,2936.9534860317067
60,Q3,2071.5865934005956,3411.31398674164,645.0119576573314,5130.337216973907
60,Q4,3311.6289814658294,5347.608336499422,1016.9158504697908,7872.6556585693725
60,Q5,9247.529791382944,14609.548079810673,2436.0722670980463,20585.275936050126
61,Susceptible,0.7,0.8371999999999999,0.057237749781066695,0.92
61,Infected,0.0,0.0030000000000000005,0.005385164807134505,0.02
61,Recovered_Immune,0.07,0.156,0.05340411969127475,0.29
61,Death,0.0,0.0038,0.0059632206063502296,0.02
61,Exposed,0.0,0.0,0.0,0.0
61,Asymptomatic,0.97,0.9954000000000001,0.007269112738154505,1.0
61,Hospitalization,0.0,0.0006,0.0023748684174075834,0.01
61,Severe,0.0,0.0002,0.0014000000000000002,0.01
61,Q1,641.7981791342643,1078.000178233339,209.46905677491094,1609.1894131277684
61,Q2,1126.2195391175078,2081.9922153051007,376.13446493080164,2895.8461111742336
61,Q3,2052.0865934005956,3369.260212132289,636.1159853974776,5070.392798588078
61,Q4,3281.445916725096,5281.094042395879,1001.2132116329452,7758.779951408829
61,Q5,9110.029791382944,14428.272644933932,2401.802267418066,20321.178187119254
62,Susceptible,0.7,0.8371999999999999,0.057237749781066695,0.92
62,Infected,0.0,0.0028000000000000004,0.005306599664568641,0.02
62,Recovered_Immune,0.07,0.1562,0.0532875219915507,0.29
62,Death,0.0,0.0038,0.0059632206063502296,0.02
62,Exposed,0.0,0.0,0.0,0.0
62,Asymptomatic,0.97,0.9954000000000001,0.007269112738154505,1.0
62,Hospitalization,0.0,0.0006,0.0023748684174075834,0.01
62,Severe,0.0,0.0002,0.0014000000000000002,0.01
62,Q1,637.1200004786065,1063.990763347486,205.8268780145008,1585.2924111117713
62,Q2,1117.6052179006851,2055.137299342994,370.2556238477506,2856.2997898168583
62,Q3,2033.0361521496748,3327.2369053510815,627.0361292877241,5005.36457473608
62,Q4,3250.87239265286,5214.991065212269,985.9602582604783,7641.252547210394
62,Q5,8972.529791382944,14246.965670461086,2369.3321192945623,20056.16769262772
63,Susceptible,0.7,0.8371999999999999,0.057237749781066695,0.92
63,Infected,0.0,0.0026,0.0052191953402799555,0.02
63,Recovered_Immune,0.07,0.1564,0.053656686442604705,0.29
63,Death,0.0,0.0038,0.0059632206063502296,0.02
63,Exposed,0.0,0.0,0.0,0.0
63,Asymptomatic,0.97,0.9956,0.0066813172353960325,1.0
63,Hospitalization,0.0,0.0004,0.0019595917942265427,0.01
63,Severe,0.0,0.0002,0.0014000000000000002,0.01
63,Q1,632.1200004786065,1049.9358721053272,202.31496796109036,1563.1980124205488
63,Q2,1107.9110696549787,2027.9949776032736,363.836786120061,2815.761840482792
63,Q3,2013.5361521496748,3284.681883052079,617.7943358410351,4940.247117044608
63,Q4,3216.402094366502,5149.490976799271,970.976671834395,7525.66087340623
63,Q5,8844.02269400917,14064.703519330074,2334.6871266013827,19781.16769262772
64,Susceptible,0.7,0.8371999999999999,0.057237749781066695,0.92
64,Infected,0.0,0.0018,0.0038418745424597094,0.01
64,Recovered_Immune,0.07,0.1572,0.05440735244431583,0.29
64,Death,0.0,0.0038,0.0059632206063502296,0.02
64,Exposed,0.0,0.0,0.0,0.0
64,Asymptomatic,0.97,0.9956,0.0066813172353960325,1.0
64,Hospitalization,0.0,0.0004,0.0019595917942265427,0.01
64,Severe,0.0,0.0002,0.0014000000000000002,0.01
64,Q1,627.1421434827619,1035.7424437079198,198.7436004492764,1540.3650212116047
64,Q2,1097.9110696549787,2000.9169420347619,357.42786970279525,2777.522579534718
64,Q3,1994.0361521496748,3242.3340420339573,608.8385504749215,4875.153025459005
64,Q4,3184.9645110549973,5082.71048732069,955.6716017874229,7417.418585789266
64,Q5,8723.312873483448,13883.953776427705,2301.069403564193,19521.707655271028
65,Susceptible,0.7,0.8371999999999999,0.057237749781066695,0.92
65,Infected,0.0,0.0012,0.003249615361854384,0.01
65,Recovered_Immune,0.07,0.1578,0.05481933965308229,0.29
65,Death,0.0,0.0038,0.0059632206063502296,0.02
65,Exposed,0.0,0.0,0.0,0.0
65,Asymptomatic,0.97,0.9958000000000001,0.006660330322138691,1.0
65,Hospitalization,0.0,0.0004,0.0019595917942265427,0.01
65,Severe,0.0,0.0,0.0,0.0
65,Q1,622.1421434827619,1021.6644269636397,195.3441497168458,1517.4806387032304
65,Q2,1087.9110696549787,1973.7727453624873,351.3282006747052,2735.522579534718
65,Q3,1974.5361521496748,3199.771472427856,599.5826569409622,4808.098651197675
65,Q4,3149.9645110549973,5017.034462850136,941.0274057717334,7337.418585789266
65,Q5,8585.812873483448,13703.218567208636,2266.5600221862755,19246.707655271028
66,Susceptible,0.7,0.8371999999999999,0.057237749781066695,0.92
66,Infected,0.0,0.0008,0.002712931993250107,0.01
66,Recovered_Immune,0.07,0.15819999999999998,0.05454136045241263,0.29
66,Death,0.0,0.0038,0.0059632206063502296,0.02
66,Exposed,0.0,0.0,0.0,0.0
66,Asymptomatic,0.98,0.996,0.006000000000000005,1.0
66,Hospitalization,0.0,0.0002,0.0014000000000000002,0.01
66,Severe,0.0,0.0,0.0,0.0
66,Q1,617.1421434827619,1007.6055574653177,192.12399972127542,1496.0825528816722
66,Q2,1077.9110696549787,1946.509003584688,345.40073843719904,2694.7903389320268
66,Q3,1955.0361521496748,3158.020463974757,590.20606956873,4745.027708564987
66,Q4,3115.8063966402988,4949.941964071654,925.6090028589109,7257.923344559665
66,Q5,8449.287689067352,13521.209603326794,2233.467945297042,18983.828346097005
67,Susceptible,0.7,0.8371999999999999,0.057237749781066695,0.92
67,Infected,0.0,0.0004,0.0019595917942265427,0.01
67,Recovered_Immune,0.07,0.1586,0.054809123328146754,0.29
67,Death,0.0,0.0038,0.0059632206063502296,0.02
67,Exposed,0.0,0.0,0.0,0.0
67,Asymptomatic,0.98,0.9962000000000001,0.005963220606350235,1.0
67,Hospitalization,0.0,0.0,0.0,0.0
67,Severe,0.0,0.0,0.0,0.0
67,Q1,612.1421434827619,993.4793422749552,188.71110577167616,1472.7318253959477
67,Q2,1067.9110696549787,1919.6937347163946,339.3451211157008,2652.7903389320268
67,Q3,1938.4303355372358,3116.006288555734,581.2920792069998,4682.691922983781
67,Q4,3080.8063966402988,4883.4125422015295,910.4389437698748,7180.022952493124
67,Q5,8316.503852309725,13341.403945173219,2200.2129991034817,18739.882103852437
68,Susceptible,0.7,0.8371999999999999,0.057237749781066695,0.92
68,Infected,0.0,0.0002,0.0014000000000000002,0.01
68,Recovered_Immune,0.07,0.1588,0.05475910883131682,0.29
68,Death,0.0,0.0038,0.0059632206063502296,0.02
68,Exposed,0.0,0.0,0.0,0.0
68,Asymptomatic,0.98,0.9962000000000001,0.005963220606350235,1.0
68,Hospitalization,0.0,0.0,0.0,0.0
68,Severe,0.0,0.0,0.0,0.0
68,Q1,607.1421434827619,979.4674360241104,185.20455691943968,1450.5242596890007
68,Q2,1057.9110696549787,1892.5606818027934,333.36004357474985,2611.252731207651
68,Q3,1918.9303355372358,3073.7683500337916,572.2727215060941,4619.970877339153
68,Q4,3046.1746384727862,4817.268276390221,895.4927194535986,7101.333156600286
68,Q5,8183.882583730856,13160.647221454536,2166.4011185871054,18473.00851237431
69,Susceptible,0.7,0.8371999999999999,0.057237749781066695,0.92
69,Infected,0.0,0.0002,0.0014000000000000002,0.01
69,Recovered_Immune,0.07,0.1588,0.05475910883131682,0.29
69,Death,0.0,0.0038,0.0059632206063502296,0.02
69,Exposed,0.0,0.0,0.0,0.0
69,Asymptomatic,0.98,0.9962000000000001,0.005963220606350235,1.0
69,Hospitalization,0.0,0.0,0.0,0.0
69,Severe,0.0,0.0,0.0,0.0
69,Q1,602.4217732831328,965.3836294973429,181.85158611559325,1426.5242596890007
69,Q2,1047.9110696549787,1865.2748520027644,327.27995421646557,2572.1612997235247
69,Q3,1906.7177970061318,3031.914265505117,562.8543852998216,4551.720877339153
69,Q4,3011.1746384727862,4750.903550023478,880.1717343078049,7021.333156600286
69,Q5,8049.556118223076,12978.576126935564,2133.9522466304406,18210.44796722136
70,Susceptible,0.7,0.8371999999999999,0.057237749781066695,0.92
70,Infected,0.0,0.0002,0.0014000000000000002,0.01
70,Recovered_Immune,0.07,0.1588,0.05475910883131682,0.29
70,Death,0.0,0.0038,0.0059632206063502296,0.02
70,Exposed,0.0,0.0,0.0,0.0
70,Asymptomatic,0.98,0.9962000000000001,0.005963220606350235,1.0
70,Hospitalization,0.0,0.0,0.0,0.0
70,Severe,0.0,0.0,0.0,0.0
70,Q1,597.4217732831328,951.3785058545463,178.4692181537631,1403.2214948024089
70,Q2,1037.9110696549787,1838.5648075817821,321.5656945047957,2532.0825717687203
70,Q3,1887.2177970061318,2989.9864939426084,554.2418895182774,4485.163752641436
70,Q4,2976.1746384727862,4685.376116193778,865.7987665875324,6946.560023310498
70,Q5,7912.056118223076,12795.889001293743,2101.225032485853,17937.32787834295
71,Susceptible,0.7,0.8371999999999999,0.057237749781066695,0.92
71,Infected,0.0,0.0002,0.0014000000000000002,0.01
71,Recovered_Immune,0.07,0.1588,0.05475910883131682,0.29
71,Death,0.0,0.0038,0.0059632206063502296,0.02
71,Exposed,0.0,0.0,0.0,0.0
71,Asymptomatic,0.98,0.9962000000000001,0.005963220606350235,1.0
71,Hospitalization,0.0,0.0,0.0,0.0
71,Severe,0.0,0.0,0.0,0.0
71,Q1,593.0625608128214,937.4414508142727,175.03716720095764,1380.4495250422526
71,Q2,1027.9110696549787,1811.1638709919132,315.5422678650558,2490.0825717687203
71,Q3,1867.7177970061318,2947.3197458494496,545.4373327009114,4418.675858673873
71,Q4,2941.1746384727862,4619.1629336628075,851.1673953689376,6866.70821507315
71,Q5,7800.682766906394,12615.525532200865,2068.831667009762,17662.32787834295
72,Susceptible,0.7,0.8371999999999999,0.057237749781066695,0.92
72,Infected,0.0,0.0002,0.0014000000000000002,0.01
72,Recovered_Immune,0.07,0.1588,0.05475910883131682,0.29
72,Death,0.0,0.0038,0.0059632206063502296,0.02
72,Exposed,0.0,0.0,0.0,0.0
72,Asymptomatic,0.98,0.9962000000000001,0.005963220606350235,1.0
72,Hospitalization,0.0,0.0,0.0,0.0
72,Severe,0.0,0.0,0.0,0.0
72,Q1,588.0625608128214,923.2893123972427,171.81292436583604,1358.5707114017396
72,Q2,1017.9110696549789,1783.9790184855683,309.85020673728303,2448.209459090514
72,Q3,1848.2177970061318,2905.239214304639,536.8560422776139,4350.425858673873
72,Q4,2912.4559459818342,4553.465386557391,836.8591357739557,6796.167839789192
72,Q5,7663.182766906394,12435.249601042766,2033.773024548743,17394.83873557589
73,Susceptible,0.7,0.8371999999999999,0.057237749781066695,0.92
73,Infected,0.0,0.0002,0.0014000000000000002,0.01
73,Recovered_Immune,0.07,0.1588,0.05475910883131682,0.29
73,Death,0.0,0.0038,0.0059632206063502296,0.02
73,Exposed,0.0,0.0,0.0,0.0
73,Asymptomatic,0.98,0.9962000000000001,0.005963220606350235,1.0
73,Hospitalization,0.0,0.0,0.0,0.0
73,Severe,0.0,0.0,0.0,0.0
73,Q1,584.0358726122452,909.2751542194139,168.6765953201624,1337.047584846759
73,Q2,1009.4438666595674,1756.8580054680465,304.07748200533854,2409.1681838963623
73,Q3,1828.7177970061318,2863.02066337846,528.2059243060378,4282.556815432558
73,Q4,2877.4559459818342,4487.596406051067,822.4724129067981,6716.167839789192
73,Q5,7525.682766906394,12254.208110615127,2002.1106362854293,17130.209995182584
74,Susceptible,0.7,0.8371999999999999,0.057237749781066695,0.92
74,Infected,0.0,0.0002,0.0014000000000000002,0.01
74,Recovered_Immune,0.07,0.1588,0.05475910883131682,0.29
74,Death,0.0,0.0038,0.0059632206063502296,0.02
74,Exposed,0.0,0.0,0.0,0.0
74,Asymptomatic,0.98,0.9962000000000001,0.005963220606350235,1.0
74,Hospitalization,0.0,0.0,0.0,0.0
74,Severe,0.0,0.0,0.0,0.0
74,Q1,579.0358726122452,895.3230860379446,165.4895106489254,1314.6779552786234
74,Q2,999.4438666595674,1729.2731925877868,298.06869137911633,2367.1681838963627
74,Q3,1810.3987271876365,2821.0961582857954,519.7678346525466,4218.099978400762
74,Q4,2844.646433256684,4420.756849172067,808.1593399193749,6636.807185077675
74,Q5,7410.5516020040095,12072.342613124856,1969.0346194603803,16855.209995182584
75,Susceptible,0.7,0.8371999999999999,0.057237749781066695,0.92
75,Infected,0.0,0.0002,0.0014000000000000002,0.01
75,Recovered_Immune,0.07,0.1588,0.05475910883131682,0.29
75,Death,0.0,0.0038,0.0059632206063502296,0.02
75,Exposed,0.0,0.0,0.0,0.0
75,Asymptomatic,0.98,0.9962000000000001,0.005963220606350235,1.0
75,Hospitalization,0.0,0.0,0.0,0.0
75,Severe,0.0,0.0,0.0,0.0
75,Q1,574.0358726122452,881.2574021419837,162.39616876016592,1291.8488889316623
75,Q2,991.2511500417668,1702.3888110583687,292.56198783449764,2332.9403495563224
75,Q3,1790.8987271876365,2779.036265838688,511.11978164362233,4149.849978400762
75,Q4,2809.646433256684,4354.377974918415,792.9450503945205,6556.807185077675
75,Q5,7283.365479815969,11891.721613208905,1939.2165560421479,16591.443442915293
76,Susceptible,0.7,0.8371999999999999,0.057237749781066695,0.92
76,Infected,0.0,0.0002,0.0014000000000000002,0.01
76,Recovered_Immune,0.07,0.1588,0.05475910883131682,0.29
76,Death,0.0,0.0038,0.0059632206063502296,0.02
76,Exposed,0.0,0.0,0.0,0.0
76,Asymptomatic,0.98,0.9962000000000001,0.005963220606350235,1.0
76,Hospitalization,0.0,0.0,0.0,0.0
76,Severe,0.0,0.0,0.0,0.0
76,Q1,569.0358726122452,867.3350973477047,159.31293471769334,1268.3395718149973
76,Q2,982.4461443943504,1675.3836793621078,287.00477644029854,2299.8629348827935
76,Q3,1771.3987271876365,2736.6527552308853,502.1981805985907,4081.5999784007618
76,Q4,2778.809988200049,4287.273804022507,778.9736464531259,6479.563059599419
76,Q5,7145.865479815969,11711.12257763849,1907.4372973669888,16336.205594026891
77,Susceptible,0.7,0.8371999999999999,0.057237749781066695,0.92
77,Infected,0.0,0.0002,0.0014000000000000002,0.01
77,Recovered_Immune,0.07,0.1588,0.05475910883131682,0.29
77,Death,0.0,0.0038,0.0059632206063502296,0.02
77,Exposed,0.0,0.0,0.0,0.0
77,Asymptomatic,0.98,0.9962000000000001,0.005963220606350235,1.0
77,Hospitalization,0.0,0.0,0.0,0.0
77,Severe,0.0,0.0,0.0,0.0
77,Q1,564.0358726122452,853.3769722518678,156.30108294598628,1245.2119670411535
77,Q2,974.7996100703738,1648.4155773546433,281.36688993062313,2266.098437251757
77,Q3,1751.8987271876365,2694.102904374493,493.6212253368911,4016.6457222242702
77,Q4,2751.9872793315903,4221.361154074406,764.6932315418705,6401.563729943431
77,Q5,7014.831756264629,11531.875230222427,1877.517944641207,16094.511089081003
78,Susceptible,0.7,0.8371999999999999,0.057237749781066695,0.92
78,Infected,0.0,0.0002,0.0014000000000000002,0.01
78,Recovered_Immune,0.07,0.1588,0.05475910883131682,0.29
78,Death,0.0,0.0038,0.0059632206063502296,0.02
78,Exposed,0.0,0.0,0.0,0.0
78,Asymptomatic,0.98,0.9962000000000001,0.005963220606350235,1.0
78,Hospitalization,0.0,0.0,0.0,0.0
78,Severe,0.0,0.0,0.0,0.0
78,Q1,559.0358726122452,839.3380332775856,153.32844371457065,1223.522133917378
78,Q2,963.7707494368943,1621.2023610786234,275.9442243139601,2231.516603071479
78,Q3,1732.3987271876365,2651.6574825429607,485.7316160405342,3948.3957222242702
78,Q4,2716.9872793315903,4153.967927714361,751.244031625675,6325.872519632501
78,Q5,6881.4244010929115,11350.353977172943,1845.128591557086,15819.511089081003
79,Susceptible,0.7,0.8371999999999999,0.057237749781066695,0.92
79,Infected,0.0,0.0,0.0,0.0
79,Recovered_Immune,0.07,0.15899999999999997,0.05499999999999999,0.29
79,Death,0.0,0.0038,0.0059632206063502296,0.02
79,Exposed,0.0,0.0,0.0,0.0
79,Asymptomatic,0.98,0.9962000000000001,0.005963220606350235,1.0
79,Hospitalization,0.0,0.0,0.0,0.0
79,Severe,0.0,0.0,0.0,0.0
79,Q1,554.0875256097827,825.2674980515744,150.24853228339106,1200.5112356552154
79,Q2,951.7707494368943,1594.0703064409183,270.25201020501447,2195.7186496450154
79,Q3,1712.8987271876365,2609.0535406430618,477.7580861765477,3880.3497586840167
79,Q4,2681.9872793315903,4087.571644436489,738.3731753287527,6249.095758051949
79,Q5,6743.9244010929115,11171.118717505067,1815.4201621539498,15569.37018335237
